{
    "Ar36": {
        "error": 0.0003832659695966572, 
        "filter_outliers_dict": {
            "filter_outliers": true, 
            "iterations": 1, 
            "std_devs": 2
        }, 
        "fit": "Linear", 
        "value": 0.01844687384704701
    }, 
    "Ar37": {
        "error": 0.009406318000868974, 
        "filter_outliers_dict": {
            "filter_outliers": true, 
            "iterations": 1, 
            "std_devs": 2
        }, 
        "fit": "linear", 
        "value": 0.04588221250068197
    }, 
    "Ar38": {
        "error": 0.00523175750999564, 
        "filter_outliers_dict": {
            "filter_outliers": true, 
            "iterations": 1, 
            "std_devs": 2
        }, 
        "fit": "linear", 
        "value": 0.17521815125089715
    }, 
    "Ar39": {
        "error": 0.012818095832821617, 
        "filter_outliers_dict": {
            "filter_outliers": true, 
            "iterations": 1, 
            "std_devs": 2
        }, 
        "fit": "Linear", 
        "value": 13.219106472695772
    }, 
    "Ar40": {
        "error": 0.05309835139837407, 
        "filter_outliers_dict": {
            "filter_outliers": true, 
            "iterations": 1, 
            "std_devs": 2
        }, 
        "fit": "Linear", 
        "value": 812.7450269989607
    }, 
    "Ar41": {
        "error": 0.006575500152264958, 
        "filter_outliers_dict": {
            "filter_outliers": true, 
            "iterations": 1, 
            "std_devs": 2
        }, 
        "fit": "Average", 
        "value": -0.04704030370874111
    }
}